{
  "target": "WASP-107b",
  "names": [
    "$t_0$",
    "$Period$"
  ],
  "bounds": [
    [
      2457584.329897,
      0.001,
      "N"
    ],
    [
      5.72148926,
      1e-05,
      "N"
    ]
  ],
  "period0": 5.72148926,
  "kind": "Linear",
  "sampler": "dynamic_dynesty",
  "sampler_kwargs": {
    "nlive_init": 10000,
    "dlogz_init": 0.001
  },
  "lin_parameters": null,
  "fixed_params": null,
  "params": [
    2457584.3298858283,
    5.721487575653456
  ],
  "parameters_pre": [
    [
      2457584.3298858283,
      2.3997388780117035e-05,
      2.3958273231983185e-05
    ],
    [
      5.721487575653456,
      5.7543414477834176e-08,
      5.702218697223316e-08
    ]
  ],
  "logz": -23.68615876951472,
  "logzerr": 0.03051486337827528,
  "mean": [
    2457584.3298859512,
    5.721487575661379
  ],
  "cov": [
    [
      5.816978408314266e-10,
      -1.3476698083872327e-12
    ],
    [
      -1.3476698083872327e-12,
      3.3599284489851167e-15
    ]
  ],
  "judgements": {
    "chi2": 26.91999147497701,
    "chi2nu": 2.691999147497701,
    "nu": 10,
    "BIC": 31.88980477455301,
    "AIC": 30.91999147497701,
    "k": 2,
    "N": 12
  },
  "Date": "Mon Jul 14 15:47:50 2025 (UTC+8)"
}