name,median,uncertainty,ID
WASP-107b,2457904.73315165,0.0000465414486825466,14916
WASP-107b,2457910.45465204,0.00004581268876791,14915