{
  "target": "WASP-107b",
  "names": [
    "$t_0$",
    "$Period$",
    "$\\dot{P}$"
  ],
  "bounds": [
    [
      2457584.329897,
      0.001,
      "N"
    ],
    [
      5.72148926,
      1e-05,
      "N"
    ],
    [
      -200,
      200,
      "U"
    ]
  ],
  "period0": 5.72148926,
  "kind": "Pdot",
  "sampler": "dynamic_dynesty",
  "sampler_kwargs": {
    "nlive_init": 10000,
    "dlogz_init": 0.001
  },
  "lin_parameters": [
    2457584.3298858283,
    5.721487575653456
  ],
  "fixed_params": null,
  "params": [
    2457584.329857944,
    5.721488570410317,
    -23.685666769871858
  ],
  "parameters_pre": [
    [
      2457584.329857944,
      2.7350615710020065e-05,
      2.7198344469070435e-05
    ],
    [
      5.721488570410317,
      4.5244644031328107e-07,
      4.4763081064047583e-07
    ],
    [
      -23.685666769871858,
      10.496292217749016,
      10.700335260430762
    ]
  ],
  "logz": -23.93328311847078,
  "logzerr": 0.03389546799552173,
  "mean": [
    2457584.329858125,
    5.721488571039077,
    -23.748396641231388
  ],
  "cov": [
    [
      7.45061106626865e-10,
      -7.105091562565324e-12,
      0.000137066187912336
    ],
    [
      -7.105091562565324e-12,
      2.0687596570846854e-13,
      -4.851473152795637e-06
    ],
    [
      0.000137066187912336,
      -4.851473152795635e-06,
      115.66997444601485
    ]
  ],
  "judgements": {
    "chi2": 22.12820121974823,
    "chi2nu": 2.4586890244164703,
    "nu": 9,
    "BIC": 29.582921169112232,
    "AIC": 28.12820121974823,
    "k": 3,
    "N": 12
  },
  "Date": "Mon Jul 14 15:56:53 2025 (UTC+8)"
}